time,filename,class,start frame,end frame
2024-07-02 13:27:30.878065,2024-07-02 13:27:30.878065.h264,1,0,2300
2024-07-02 13:29:03.000000,2024-07-02 13:27:30.878065.h264,0,2301,4801
2024-07-02 13:30:43.000000,2024-07-02 13:27:30.878065.h264,1,4802,7302
2024-07-02 13:32:23.000000,2024-07-02 13:27:30.878065.h264,2,7303,9828
2024-07-02 13:34:04.000000,2024-07-02 13:27:30.878065.h264,0,9829,12329
2024-07-02 13:35:44.000000,2024-07-02 13:27:30.878065.h264,1,12330,14830
2024-07-02 13:37:24.000000,2024-07-02 13:27:30.878065.h264,2,14831,17331
2024-07-02 13:39:04.000000,2024-07-02 13:27:30.878065.h264,0,17332,19832
2024-07-02 13:40:44.000000,2024-07-02 13:27:30.878065.h264,1,19833,22333
2024-07-02 13:42:24.000000,2024-07-02 13:27:30.878065.h264,2,22334,24834
2024-07-02 13:44:04.000000,2024-07-02 13:27:30.878065.h264,0,24835,27335
2024-07-02 13:45:44.000000,2024-07-02 13:27:30.878065.h264,1,27336,29836
2024-07-02 13:47:24.000000,2024-07-02 13:27:30.878065.h264,2,29837,30012
2024-07-02 13:47:31.217075,2024-07-02 13:47:31.217075.h264,2,0,2300
2024-07-02 13:49:04.000000,2024-07-02 13:47:31.217075.h264,0,2301,4801
2024-07-02 13:50:44.000000,2024-07-02 13:47:31.217075.h264,1,4802,7302
2024-07-02 13:52:24.000000,2024-07-02 13:47:31.217075.h264,2,7303,9828
2024-07-02 13:54:05.000000,2024-07-02 13:47:31.217075.h264,0,9829,12329
2024-07-02 13:55:45.000000,2024-07-02 13:47:31.217075.h264,1,12330,14830
2024-07-02 13:57:25.000000,2024-07-02 13:47:31.217075.h264,2,14831,17331
2024-07-02 13:59:05.000000,2024-07-02 13:47:31.217075.h264,0,17332,19832
2024-07-02 14:00:45.000000,2024-07-02 13:47:31.217075.h264,1,19833,22333
2024-07-02 14:02:25.000000,2024-07-02 13:47:31.217075.h264,2,22334,24834
2024-07-02 14:04:05.000000,2024-07-02 13:47:31.217075.h264,0,24835,27335
2024-07-02 14:05:45.000000,2024-07-02 13:47:31.217075.h264,1,27336,29836
2024-07-02 14:07:25.000000,2024-07-02 13:47:31.217075.h264,2,29837,29987
2024-07-02 14:07:31.500665,2024-07-02 14:07:31.500665.h264,2,0,2325
2024-07-02 14:09:05.000000,2024-07-02 14:07:31.500665.h264,0,2326,4826
2024-07-02 14:10:45.000000,2024-07-02 14:07:31.500665.h264,1,4827,7327
2024-07-02 14:12:25.000000,2024-07-02 14:07:31.500665.h264,2,7328,9853
2024-07-02 14:14:06.000000,2024-07-02 14:07:31.500665.h264,0,9854,12354
2024-07-02 14:15:46.000000,2024-07-02 14:07:31.500665.h264,1,12355,14855
2024-07-02 14:17:26.000000,2024-07-02 14:07:31.500665.h264,2,14856,17356
2024-07-02 14:19:06.000000,2024-07-02 14:07:31.500665.h264,0,17357,19857
2024-07-02 14:20:46.000000,2024-07-02 14:07:31.500665.h264,1,19858,22358
2024-07-02 14:22:26.000000,2024-07-02 14:07:31.500665.h264,2,22359,24859
2024-07-02 14:24:06.000000,2024-07-02 14:07:31.500665.h264,0,24860,27360
2024-07-02 14:25:46.000000,2024-07-02 14:07:31.500665.h264,1,27361,29861
2024-07-02 14:27:26.000000,2024-07-02 14:07:31.500665.h264,2,29862,29987
2024-07-02 14:27:31.743531,2024-07-02 14:27:31.743531.h264,2,0,2350
2024-07-02 14:29:06.000000,2024-07-02 14:27:31.743531.h264,0,2351,4851
2024-07-02 14:30:46.000000,2024-07-02 14:27:31.743531.h264,1,4852,7377
2024-07-02 14:32:27.000000,2024-07-02 14:27:31.743531.h264,2,7378,9878
2024-07-02 14:34:07.000000,2024-07-02 14:27:31.743531.h264,0,9879,12379
2024-07-02 14:35:47.000000,2024-07-02 14:27:31.743531.h264,1,12380,14880
2024-07-02 14:37:27.000000,2024-07-02 14:27:31.743531.h264,2,14881,17381
2024-07-02 14:39:07.000000,2024-07-02 14:27:31.743531.h264,0,17382,19882
2024-07-02 14:40:47.000000,2024-07-02 14:27:31.743531.h264,1,19883,22383
2024-07-02 14:42:27.000000,2024-07-02 14:27:31.743531.h264,2,22384,24884
2024-07-02 14:44:07.000000,2024-07-02 14:27:31.743531.h264,0,24885,27385
2024-07-02 14:45:47.000000,2024-07-02 14:27:31.743531.h264,1,27386,29886
2024-07-02 14:47:27.000000,2024-07-02 14:27:31.743531.h264,2,29887,29987
2024-07-02 14:47:31.987688,2024-07-02 14:47:31.987688.h264,2,0,2375
2024-07-02 14:49:07.000000,2024-07-02 14:47:31.987688.h264,0,2376,4876
2024-07-02 14:50:47.000000,2024-07-02 14:47:31.987688.h264,1,4877,7402
2024-07-02 14:52:28.000000,2024-07-02 14:47:31.987688.h264,2,7403,9903
2024-07-02 14:54:08.000000,2024-07-02 14:47:31.987688.h264,0,9904,12404
2024-07-02 14:55:48.000000,2024-07-02 14:47:31.987688.h264,1,12405,14905
2024-07-02 14:57:28.000000,2024-07-02 14:47:31.987688.h264,2,14906,17406
2024-07-02 14:59:08.000000,2024-07-02 14:47:31.987688.h264,0,17407,19907
2024-07-02 15:00:48.000000,2024-07-02 14:47:31.987688.h264,1,19908,22408
2024-07-02 15:02:28.000000,2024-07-02 14:47:31.987688.h264,2,22409,24909
2024-07-02 15:04:08.000000,2024-07-02 14:47:31.987688.h264,0,24910,27410
2024-07-02 15:05:48.000000,2024-07-02 14:47:31.987688.h264,1,27411,29911
2024-07-02 15:07:28.000000,2024-07-02 14:47:31.987688.h264,2,29912,30012
2024-07-02 15:07:32.270698,2024-07-02 15:07:32.270698.h264,2,0,2375
2024-07-02 15:09:08.000000,2024-07-02 15:07:32.270698.h264,0,2376,4876
2024-07-02 15:10:48.000000,2024-07-02 15:07:32.270698.h264,1,4877,7402
2024-07-02 15:12:29.000000,2024-07-02 15:07:32.270698.h264,2,7403,9903
2024-07-02 15:14:09.000000,2024-07-02 15:07:32.270698.h264,0,9904,12404
2024-07-02 15:15:49.000000,2024-07-02 15:07:32.270698.h264,1,12405,14905
2024-07-02 15:17:29.000000,2024-07-02 15:07:32.270698.h264,2,14906,17406
2024-07-02 15:19:09.000000,2024-07-02 15:07:32.270698.h264,0,17407,19907
2024-07-02 15:20:49.000000,2024-07-02 15:07:32.270698.h264,1,19908,22408
2024-07-02 15:22:29.000000,2024-07-02 15:07:32.270698.h264,2,22409,24909
2024-07-02 15:24:09.000000,2024-07-02 15:07:32.270698.h264,0,24910,27410
2024-07-02 15:25:49.000000,2024-07-02 15:07:32.270698.h264,1,27411,29911
2024-07-02 15:27:29.000000,2024-07-02 15:07:32.270698.h264,2,29912,29987
2024-07-02 15:27:32.630435,2024-07-02 15:27:32.630435.h264,2,0,2400
2024-07-02 15:29:09.000000,2024-07-02 15:27:32.630435.h264,0,2401,4901
2024-07-02 15:30:49.000000,2024-07-02 15:27:32.630435.h264,1,4902,7402
2024-07-02 15:32:29.000000,2024-07-02 15:27:32.630435.h264,2,7403,9928
2024-07-02 15:34:10.000000,2024-07-02 15:27:32.630435.h264,0,9929,12429
2024-07-02 15:35:50.000000,2024-07-02 15:27:32.630435.h264,1,12430,14930
2024-07-02 15:37:30.000000,2024-07-02 15:27:32.630435.h264,2,14931,17431
2024-07-02 15:39:10.000000,2024-07-02 15:27:32.630435.h264,0,17432,19932
2024-07-02 15:40:50.000000,2024-07-02 15:27:32.630435.h264,1,19933,22433
2024-07-02 15:42:30.000000,2024-07-02 15:27:32.630435.h264,2,22434,24934
2024-07-02 15:44:10.000000,2024-07-02 15:27:32.630435.h264,0,24935,27435
2024-07-02 15:45:50.000000,2024-07-02 15:27:32.630435.h264,1,27436,29936
2024-07-02 15:47:30.000000,2024-07-02 15:27:32.630435.h264,2,29937,29987
2024-07-02 15:47:32.870428,2024-07-02 15:47:32.870428.h264,2,0,2425
2024-07-02 15:49:10.000000,2024-07-02 15:47:32.870428.h264,0,2426,4951
2024-07-02 15:50:51.000000,2024-07-02 15:47:32.870428.h264,1,4952,7452
2024-07-02 15:52:31.000000,2024-07-02 15:47:32.870428.h264,2,7453,9953
2024-07-02 15:54:11.000000,2024-07-02 15:47:32.870428.h264,0,9954,12454
2024-07-02 15:55:51.000000,2024-07-02 15:47:32.870428.h264,1,12455,14955
2024-07-02 15:57:31.000000,2024-07-02 15:47:32.870428.h264,2,14956,17456
2024-07-02 15:59:11.000000,2024-07-02 15:47:32.870428.h264,0,17457,19957
2024-07-02 16:00:51.000000,2024-07-02 15:47:32.870428.h264,1,19958,22458
2024-07-02 16:02:31.000000,2024-07-02 15:47:32.870428.h264,2,22459,24959
2024-07-02 16:04:11.000000,2024-07-02 15:47:32.870428.h264,0,24960,27485
2024-07-02 16:05:52.000000,2024-07-02 15:47:32.870428.h264,1,27486,29986
2024-07-02 16:07:32.000000,2024-07-02 15:47:32.870428.h264,2,29987,30012
2024-07-02 16:07:33.195397,2024-07-02 16:07:33.195397.h264,2,0,2450
2024-07-02 16:09:12.000000,2024-07-02 16:07:33.195397.h264,0,2451,4951
2024-07-02 16:10:52.000000,2024-07-02 16:07:33.195397.h264,1,4952,7452
2024-07-02 16:12:32.000000,2024-07-02 16:07:33.195397.h264,2,7453,9953
2024-07-02 16:14:12.000000,2024-07-02 16:07:33.195397.h264,0,9954,12454
2024-07-02 16:15:52.000000,2024-07-02 16:07:33.195397.h264,1,12455,14955
2024-07-02 16:17:32.000000,2024-07-02 16:07:33.195397.h264,2,14956,17456
2024-07-02 16:19:12.000000,2024-07-02 16:07:33.195397.h264,0,17457,19957
2024-07-02 16:20:52.000000,2024-07-02 16:07:33.195397.h264,1,19958,22483
2024-07-02 16:22:33.000000,2024-07-02 16:07:33.195397.h264,2,22484,24984
2024-07-02 16:24:13.000000,2024-07-02 16:07:33.195397.h264,0,24985,27485
2024-07-02 16:25:53.000000,2024-07-02 16:07:33.195397.h264,1,27486,29986
2024-07-02 16:27:33.000000,2024-07-02 16:07:33.195397.h264,2,29987,29987
2024-07-02 16:27:33.537600,2024-07-02 16:27:33.537600.h264,2,0,2475
2024-07-02 16:29:13.000000,2024-07-02 16:27:33.537600.h264,0,2476,4976
2024-07-02 16:30:53.000000,2024-07-02 16:27:33.537600.h264,1,4977,7477
2024-07-02 16:32:33.000000,2024-07-02 16:27:33.537600.h264,2,7478,9978
2024-07-02 16:34:13.000000,2024-07-02 16:27:33.537600.h264,0,9979,12479
2024-07-02 16:35:53.000000,2024-07-02 16:27:33.537600.h264,1,12480,14980
2024-07-02 16:37:33.000000,2024-07-02 16:27:33.537600.h264,2,14981,17506
2024-07-02 16:39:14.000000,2024-07-02 16:27:33.537600.h264,0,17507,20007
2024-07-02 16:40:54.000000,2024-07-02 16:27:33.537600.h264,1,20008,22508
2024-07-02 16:42:34.000000,2024-07-02 16:27:33.537600.h264,2,22509,25009
2024-07-02 16:44:14.000000,2024-07-02 16:27:33.537600.h264,0,25010,27510
2024-07-02 16:45:54.000000,2024-07-02 16:27:33.537600.h264,1,27511,29986
2024-07-02 16:47:33.894647,2024-07-02 16:47:33.894647.h264,1,0,0
2024-07-02 16:47:34.000000,2024-07-02 16:47:33.894647.h264,2,1,2501
2024-07-02 16:49:14.000000,2024-07-02 16:47:33.894647.h264,0,2502,5002
2024-07-02 16:50:54.000000,2024-07-02 16:47:33.894647.h264,1,5003,7503
2024-07-02 16:52:34.000000,2024-07-02 16:47:33.894647.h264,2,7504,10029
2024-07-02 16:54:15.000000,2024-07-02 16:47:33.894647.h264,0,10030,12530
2024-07-02 16:55:55.000000,2024-07-02 16:47:33.894647.h264,1,12531,15031
2024-07-02 16:57:35.000000,2024-07-02 16:47:33.894647.h264,2,15032,17532
2024-07-02 16:59:15.000000,2024-07-02 16:47:33.894647.h264,0,17533,20033
2024-07-02 17:00:55.000000,2024-07-02 16:47:33.894647.h264,1,20034,22534
2024-07-02 17:02:35.000000,2024-07-02 16:47:33.894647.h264,2,22535,25035
2024-07-02 17:04:15.000000,2024-07-02 16:47:33.894647.h264,0,25036,27536
2024-07-02 17:05:55.000000,2024-07-02 16:47:33.894647.h264,1,27537,30012
2024-07-02 17:07:34.251217,2024-07-02 17:07:34.251217.h264,1,0,0
2024-07-02 17:07:35.000000,2024-07-02 17:07:34.251217.h264,2,1,2526
2024-07-02 17:09:16.000000,2024-07-02 17:07:34.251217.h264,0,2527,5027
2024-07-02 17:10:56.000000,2024-07-02 17:07:34.251217.h264,1,5028,7528
2024-07-02 17:12:36.000000,2024-07-02 17:07:34.251217.h264,2,7529,10029
2024-07-02 17:14:16.000000,2024-07-02 17:07:34.251217.h264,0,10030,12530
2024-07-02 17:15:56.000000,2024-07-02 17:07:34.251217.h264,1,12531,15031
2024-07-02 17:17:36.000000,2024-07-02 17:07:34.251217.h264,2,15032,17532
2024-07-02 17:19:16.000000,2024-07-02 17:07:34.251217.h264,0,17533,20033
2024-07-02 17:20:56.000000,2024-07-02 17:07:34.251217.h264,1,20034,22534
2024-07-02 17:22:36.000000,2024-07-02 17:07:34.251217.h264,2,22535,25035
2024-07-02 17:24:16.000000,2024-07-02 17:07:34.251217.h264,0,25036,27561
2024-07-02 17:25:57.000000,2024-07-02 17:07:34.251217.h264,1,27562,29987
2024-07-02 17:27:34.529498,2024-07-02 17:27:34.529498.h264,1,0,50
2024-07-02 17:27:37.000000,2024-07-02 17:27:34.529498.h264,2,51,2551
2024-07-02 17:29:17.000000,2024-07-02 17:27:34.529498.h264,0,2552,5052
2024-07-02 17:30:57.000000,2024-07-02 17:27:34.529498.h264,1,5053,7553
2024-07-02 17:32:37.000000,2024-07-02 17:27:34.529498.h264,2,7554,10054
2024-07-02 17:34:17.000000,2024-07-02 17:27:34.529498.h264,0,10055,12555
2024-07-02 17:35:57.000000,2024-07-02 17:27:34.529498.h264,1,12556,15056
2024-07-02 17:37:37.000000,2024-07-02 17:27:34.529498.h264,2,15057,17557
2024-07-02 17:39:17.000000,2024-07-02 17:27:34.529498.h264,0,17558,20083
2024-07-02 17:40:58.000000,2024-07-02 17:27:34.529498.h264,1,20084,22584
2024-07-02 17:42:38.000000,2024-07-02 17:27:34.529498.h264,2,22585,25085
2024-07-02 17:44:18.000000,2024-07-02 17:27:34.529498.h264,0,25086,27586
2024-07-02 17:45:58.000000,2024-07-02 17:27:34.529498.h264,1,27587,29987
2024-07-02 17:47:34.887998,2024-07-02 17:47:34.887998.h264,1,0,75
2024-07-02 17:47:38.000000,2024-07-02 17:47:34.887998.h264,2,76,2576
2024-07-02 17:49:18.000000,2024-07-02 17:47:34.887998.h264,0,2577,5077
2024-07-02 17:50:58.000000,2024-07-02 17:47:34.887998.h264,1,5078,7578
2024-07-02 17:52:38.000000,2024-07-02 17:47:34.887998.h264,2,7579,10104
2024-07-02 17:54:19.000000,2024-07-02 17:47:34.887998.h264,0,10105,12605
2024-07-02 17:55:59.000000,2024-07-02 17:47:34.887998.h264,1,12606,15106
2024-07-02 17:57:39.000000,2024-07-02 17:47:34.887998.h264,2,15107,17607
2024-07-02 17:59:19.000000,2024-07-02 17:47:34.887998.h264,0,17608,20108
2024-07-02 18:00:59.000000,2024-07-02 17:47:34.887998.h264,1,20109,22609
2024-07-02 18:02:39.000000,2024-07-02 17:47:34.887998.h264,2,22610,25110
2024-07-02 18:04:19.000000,2024-07-02 17:47:34.887998.h264,0,25111,27611
2024-07-02 18:05:59.000000,2024-07-02 17:47:34.887998.h264,1,27612,30012
2024-07-02 18:07:35.125256,2024-07-02 18:07:35.125256.h264,1,0,75
2024-07-02 18:07:39.000000,2024-07-02 18:07:35.125256.h264,2,76,2576
2024-07-02 18:09:19.000000,2024-07-02 18:07:35.125256.h264,0,2577,5102
2024-07-02 18:11:00.000000,2024-07-02 18:07:35.125256.h264,1,5103,7603
2024-07-02 18:12:40.000000,2024-07-02 18:07:35.125256.h264,2,7604,10104
2024-07-02 18:14:20.000000,2024-07-02 18:07:35.125256.h264,0,10105,12605
2024-07-02 18:16:00.000000,2024-07-02 18:07:35.125256.h264,1,12606,15106
2024-07-02 18:17:40.000000,2024-07-02 18:07:35.125256.h264,2,15107,17607
2024-07-02 18:19:20.000000,2024-07-02 18:07:35.125256.h264,0,17608,20108
2024-07-02 18:21:00.000000,2024-07-02 18:07:35.125256.h264,1,20109,22609
2024-07-02 18:22:40.000000,2024-07-02 18:07:35.125256.h264,2,22610,25110
2024-07-02 18:24:20.000000,2024-07-02 18:07:35.125256.h264,0,25111,27611
2024-07-02 18:26:00.000000,2024-07-02 18:07:35.125256.h264,1,27612,29987
2024-07-02 18:27:35.484691,2024-07-02 18:27:35.484691.h264,1,0,100
2024-07-02 18:27:40.000000,2024-07-02 18:27:35.484691.h264,2,101,2626
2024-07-02 18:29:21.000000,2024-07-02 18:27:35.484691.h264,0,2627,5127
2024-07-02 18:31:01.000000,2024-07-02 18:27:35.484691.h264,1,5128,7628
2024-07-02 18:32:41.000000,2024-07-02 18:27:35.484691.h264,2,7629,10129
2024-07-02 18:34:21.000000,2024-07-02 18:27:35.484691.h264,0,10130,12630
2024-07-02 18:36:01.000000,2024-07-02 18:27:35.484691.h264,1,12631,15131
2024-07-02 18:37:41.000000,2024-07-02 18:27:35.484691.h264,2,15132,17632
2024-07-02 18:39:21.000000,2024-07-02 18:27:35.484691.h264,0,17633,20133
2024-07-02 18:41:01.000000,2024-07-02 18:27:35.484691.h264,1,20134,22659
2024-07-02 18:42:42.000000,2024-07-02 18:27:35.484691.h264,2,22660,25160
2024-07-02 18:44:22.000000,2024-07-02 18:27:35.484691.h264,0,25161,27661
2024-07-02 18:46:02.000000,2024-07-02 18:27:35.484691.h264,1,27662,29987
2024-07-02 18:47:35.842899,2024-07-02 18:47:35.842899.h264,1,0,150
2024-07-02 18:47:42.000000,2024-07-02 18:47:35.842899.h264,2,151,2651
2024-07-02 18:49:22.000000,2024-07-02 18:47:35.842899.h264,0,2652,5152
2024-07-02 18:51:02.000000,2024-07-02 18:47:35.842899.h264,1,5153,7653
2024-07-02 18:52:42.000000,2024-07-02 18:47:35.842899.h264,2,7654,10154
2024-07-02 18:54:22.000000,2024-07-02 18:47:35.842899.h264,0,10155,12655
2024-07-02 18:56:02.000000,2024-07-02 18:47:35.842899.h264,1,12656,15181
2024-07-02 18:57:43.000000,2024-07-02 18:47:35.842899.h264,2,15182,17682
2024-07-02 18:59:23.000000,2024-07-02 18:47:35.842899.h264,0,17683,20183
2024-07-02 19:01:03.000000,2024-07-02 18:47:35.842899.h264,1,20184,22684
2024-07-02 19:02:43.000000,2024-07-02 18:47:35.842899.h264,2,22685,25185
2024-07-02 19:04:23.000000,2024-07-02 18:47:35.842899.h264,0,25186,27686
2024-07-02 19:06:03.000000,2024-07-02 18:47:35.842899.h264,1,27687,30012
2024-07-02 19:07:36.158837,2024-07-02 19:07:36.158837.h264,1,0,150
2024-07-02 19:07:43.000000,2024-07-02 19:07:36.158837.h264,2,151,2651
2024-07-02 19:09:23.000000,2024-07-02 19:07:36.158837.h264,0,2652,5152
2024-07-02 19:11:03.000000,2024-07-02 19:07:36.158837.h264,1,5153,7678
2024-07-02 19:12:44.000000,2024-07-02 19:07:36.158837.h264,2,7679,10179
2024-07-02 19:14:24.000000,2024-07-02 19:07:36.158837.h264,0,10180,12680
2024-07-02 19:16:04.000000,2024-07-02 19:07:36.158837.h264,1,12681,15181
2024-07-02 19:17:44.000000,2024-07-02 19:07:36.158837.h264,2,15182,17682
2024-07-02 19:19:24.000000,2024-07-02 19:07:36.158837.h264,0,17683,20183
2024-07-02 19:21:04.000000,2024-07-02 19:07:36.158837.h264,1,20184,22684
2024-07-02 19:22:44.000000,2024-07-02 19:07:36.158837.h264,2,22685,25185
2024-07-02 19:24:24.000000,2024-07-02 19:07:36.158837.h264,0,25186,27686
2024-07-02 19:26:04.000000,2024-07-02 19:07:36.158837.h264,1,27687,29987
2024-07-02 19:27:36.517559,2024-07-02 19:27:36.517559.h264,1,0,200
2024-07-02 19:27:45.000000,2024-07-02 19:27:36.517559.h264,2,201,2701
2024-07-02 19:29:25.000000,2024-07-02 19:27:36.517559.h264,0,2702,5202
2024-07-02 19:31:05.000000,2024-07-02 19:27:36.517559.h264,1,5203,7703
2024-07-02 19:32:45.000000,2024-07-02 19:27:36.517559.h264,2,7704,10204
2024-07-02 19:34:25.000000,2024-07-02 19:27:36.517559.h264,0,10205,12705
2024-07-02 19:36:05.000000,2024-07-02 19:27:36.517559.h264,1,12706,15206
2024-07-02 19:37:45.000000,2024-07-02 19:27:36.517559.h264,2,15207,17707
2024-07-02 19:39:25.000000,2024-07-02 19:27:36.517559.h264,0,17708,20208
2024-07-02 19:41:05.000000,2024-07-02 19:27:36.517559.h264,1,20209,22734
2024-07-02 19:42:46.000000,2024-07-02 19:27:36.517559.h264,2,22735,25235
2024-07-02 19:44:26.000000,2024-07-02 19:27:36.517559.h264,0,25236,27736
2024-07-02 19:46:06.000000,2024-07-02 19:27:36.517559.h264,1,27737,29987
2024-07-02 19:47:36.876248,2024-07-02 19:47:36.876248.h264,1,0,225
2024-07-02 19:47:46.000000,2024-07-02 19:47:36.876248.h264,2,226,2726
2024-07-02 19:49:26.000000,2024-07-02 19:47:36.876248.h264,0,2727,5227
2024-07-02 19:51:06.000000,2024-07-02 19:47:36.876248.h264,1,5228,7728
2024-07-02 19:52:46.000000,2024-07-02 19:47:36.876248.h264,2,7729,10229
2024-07-02 19:54:26.000000,2024-07-02 19:47:36.876248.h264,0,10230,12730
2024-07-02 19:56:06.000000,2024-07-02 19:47:36.876248.h264,1,12731,15256
2024-07-02 19:57:47.000000,2024-07-02 19:47:36.876248.h264,2,15257,17757
2024-07-02 19:59:27.000000,2024-07-02 19:47:36.876248.h264,0,17758,20258
2024-07-02 20:01:07.000000,2024-07-02 19:47:36.876248.h264,1,20259,22759
2024-07-02 20:02:47.000000,2024-07-02 19:47:36.876248.h264,2,22760,25260
2024-07-02 20:04:27.000000,2024-07-02 19:47:36.876248.h264,0,25261,27761
2024-07-02 20:06:07.000000,2024-07-02 19:47:36.876248.h264,1,27762,30012
2024-07-02 20:07:37.233885,2024-07-02 20:07:37.233885.h264,1,0,225
2024-07-02 20:07:47.000000,2024-07-02 20:07:37.233885.h264,2,226,2726
2024-07-02 20:09:27.000000,2024-07-02 20:07:37.233885.h264,0,2727,5227
2024-07-02 20:11:07.000000,2024-07-02 20:07:37.233885.h264,1,5228,7753
2024-07-02 20:12:48.000000,2024-07-02 20:07:37.233885.h264,2,7754,10254
2024-07-02 20:14:28.000000,2024-07-02 20:07:37.233885.h264,0,10255,12755
2024-07-02 20:16:08.000000,2024-07-02 20:07:37.233885.h264,1,12756,15256
2024-07-02 20:17:48.000000,2024-07-02 20:07:37.233885.h264,2,15257,17757
2024-07-02 20:19:28.000000,2024-07-02 20:07:37.233885.h264,0,17758,20258
2024-07-02 20:21:08.000000,2024-07-02 20:07:37.233885.h264,1,20259,22759
2024-07-02 20:22:48.000000,2024-07-02 20:07:37.233885.h264,2,22760,25260
2024-07-02 20:24:28.000000,2024-07-02 20:07:37.233885.h264,0,25261,27761
2024-07-02 20:26:08.000000,2024-07-02 20:07:37.233885.h264,1,27762,29987
2024-07-02 20:27:37.511007,2024-07-02 20:27:37.511007.h264,1,0,250
2024-07-02 20:27:48.000000,2024-07-02 20:27:37.511007.h264,2,251,2776
2024-07-02 20:29:29.000000,2024-07-02 20:27:37.511007.h264,0,2777,5277
2024-07-02 20:31:09.000000,2024-07-02 20:27:37.511007.h264,1,5278,7778
2024-07-02 20:32:49.000000,2024-07-02 20:27:37.511007.h264,2,7779,10279
2024-07-02 20:34:29.000000,2024-07-02 20:27:37.511007.h264,0,10280,12780
2024-07-02 20:36:09.000000,2024-07-02 20:27:37.511007.h264,1,12781,15281
2024-07-02 20:37:49.000000,2024-07-02 20:27:37.511007.h264,2,15282,17782
2024-07-02 20:39:29.000000,2024-07-02 20:27:37.511007.h264,0,17783,20283
2024-07-02 20:41:09.000000,2024-07-02 20:27:37.511007.h264,1,20284,22809
2024-07-02 20:42:50.000000,2024-07-02 20:27:37.511007.h264,2,22810,25310
2024-07-02 20:44:30.000000,2024-07-02 20:27:37.511007.h264,0,25311,27811
2024-07-02 20:46:10.000000,2024-07-02 20:27:37.511007.h264,1,27812,29987
2024-07-02 20:47:37.867678,2024-07-02 20:47:37.867678.h264,1,0,300
2024-07-02 20:47:50.000000,2024-07-02 20:47:37.867678.h264,2,301,2801
2024-07-02 20:49:30.000000,2024-07-02 20:47:37.867678.h264,0,2802,5302
2024-07-02 20:51:10.000000,2024-07-02 20:47:37.867678.h264,1,5303,7803
2024-07-02 20:52:50.000000,2024-07-02 20:47:37.867678.h264,2,7804,10304
2024-07-02 20:54:30.000000,2024-07-02 20:47:37.867678.h264,0,10305,12805
2024-07-02 20:56:10.000000,2024-07-02 20:47:37.867678.h264,1,12806,15331
2024-07-02 20:57:51.000000,2024-07-02 20:47:37.867678.h264,2,15332,17832
2024-07-02 20:59:31.000000,2024-07-02 20:47:37.867678.h264,0,17833,20333
2024-07-02 21:01:11.000000,2024-07-02 20:47:37.867678.h264,1,20334,22834
2024-07-02 21:02:51.000000,2024-07-02 20:47:37.867678.h264,2,22835,25335
2024-07-02 21:04:31.000000,2024-07-02 20:47:37.867678.h264,0,25336,27836
2024-07-02 21:06:11.000000,2024-07-02 20:47:37.867678.h264,1,27837,30012
2024-07-02 21:07:38.225923,2024-07-02 21:07:38.225923.h264,1,0,300
2024-07-02 21:07:51.000000,2024-07-02 21:07:38.225923.h264,2,301,2801
2024-07-02 21:09:31.000000,2024-07-02 21:07:38.225923.h264,0,2802,5302
2024-07-02 21:11:11.000000,2024-07-02 21:07:38.225923.h264,1,5303,7803
2024-07-02 21:12:51.000000,2024-07-02 21:07:38.225923.h264,2,7804,10329
2024-07-02 21:14:32.000000,2024-07-02 21:07:38.225923.h264,0,10330,12830
2024-07-02 21:16:12.000000,2024-07-02 21:07:38.225923.h264,1,12831,15331
2024-07-02 21:17:52.000000,2024-07-02 21:07:38.225923.h264,2,15332,17832
2024-07-02 21:19:32.000000,2024-07-02 21:07:38.225923.h264,0,17833,20333
2024-07-02 21:21:12.000000,2024-07-02 21:07:38.225923.h264,1,20334,22834
2024-07-02 21:22:52.000000,2024-07-02 21:07:38.225923.h264,2,22835,25335
2024-07-02 21:24:32.000000,2024-07-02 21:07:38.225923.h264,0,25336,27836
2024-07-02 21:26:12.000000,2024-07-02 21:07:38.225923.h264,1,27837,29987
2024-07-02 21:27:38.583585,2024-07-02 21:27:38.583585.h264,1,0,325
2024-07-02 21:27:52.000000,2024-07-02 21:27:38.583585.h264,2,326,2851
2024-07-02 21:29:33.000000,2024-07-02 21:27:38.583585.h264,0,2852,5352
2024-07-02 21:31:13.000000,2024-07-02 21:27:38.583585.h264,1,5353,7853
2024-07-02 21:32:53.000000,2024-07-02 21:27:38.583585.h264,2,7854,10354
2024-07-02 21:34:33.000000,2024-07-02 21:27:38.583585.h264,0,10355,12855
2024-07-02 21:36:13.000000,2024-07-02 21:27:38.583585.h264,1,12856,15356
2024-07-02 21:37:53.000000,2024-07-02 21:27:38.583585.h264,2,15357,17857
2024-07-02 21:39:33.000000,2024-07-02 21:27:38.583585.h264,0,17858,20358
2024-07-02 21:41:13.000000,2024-07-02 21:27:38.583585.h264,1,20359,22859
2024-07-02 21:42:53.000000,2024-07-02 21:27:38.583585.h264,2,22860,25360
2024-07-02 21:44:33.000000,2024-07-02 21:27:38.583585.h264,0,25361,27886
2024-07-02 21:46:14.000000,2024-07-02 21:27:38.583585.h264,1,27887,29987
2024-07-02 21:47:38.862146,2024-07-02 21:47:38.862146.h264,1,0,375
2024-07-02 21:47:54.000000,2024-07-02 21:47:38.862146.h264,2,376,2876
2024-07-02 21:49:34.000000,2024-07-02 21:47:38.862146.h264,0,2877,5377
2024-07-02 21:51:14.000000,2024-07-02 21:47:38.862146.h264,1,5378,7878
2024-07-02 21:52:54.000000,2024-07-02 21:47:38.862146.h264,2,7879,10379
2024-07-02 21:54:34.000000,2024-07-02 21:47:38.862146.h264,0,10380,12880
2024-07-02 21:56:14.000000,2024-07-02 21:47:38.862146.h264,1,12881,15381
2024-07-02 21:57:54.000000,2024-07-02 21:47:38.862146.h264,2,15382,17907
2024-07-02 21:59:35.000000,2024-07-02 21:47:38.862146.h264,0,17908,20408
2024-07-02 22:01:15.000000,2024-07-02 21:47:38.862146.h264,1,20409,22909
2024-07-02 22:02:55.000000,2024-07-02 21:47:38.862146.h264,2,22910,25410
2024-07-02 22:04:35.000000,2024-07-02 21:47:38.862146.h264,0,25411,27911
2024-07-02 22:06:15.000000,2024-07-02 21:47:38.862146.h264,1,27912,30012
2024-07-02 22:07:39.141315,2024-07-02 22:07:39.141315.h264,1,0,375
2024-07-02 22:07:55.000000,2024-07-02 22:07:39.141315.h264,2,376,2876
2024-07-02 22:09:35.000000,2024-07-02 22:07:39.141315.h264,0,2877,5377
2024-07-02 22:11:15.000000,2024-07-02 22:07:39.141315.h264,1,5378,7878
2024-07-02 22:12:55.000000,2024-07-02 22:07:39.141315.h264,2,7879,10404
2024-07-02 22:14:36.000000,2024-07-02 22:07:39.141315.h264,0,10405,12905
2024-07-02 22:16:16.000000,2024-07-02 22:07:39.141315.h264,1,12906,15406
2024-07-02 22:17:56.000000,2024-07-02 22:07:39.141315.h264,2,15407,17907
2024-07-02 22:19:36.000000,2024-07-02 22:07:39.141315.h264,0,17908,20408
2024-07-02 22:21:16.000000,2024-07-02 22:07:39.141315.h264,1,20409,22909
2024-07-02 22:22:56.000000,2024-07-02 22:07:39.141315.h264,2,22910,25410
2024-07-02 22:24:36.000000,2024-07-02 22:07:39.141315.h264,0,25411,27911
2024-07-02 22:26:16.000000,2024-07-02 22:07:39.141315.h264,1,27912,29987
2024-07-02 22:27:39.499822,2024-07-02 22:27:39.499822.h264,1,0,400
2024-07-02 22:27:56.000000,2024-07-02 22:27:39.499822.h264,2,401,2926
2024-07-02 22:29:37.000000,2024-07-02 22:27:39.499822.h264,0,2927,5427
2024-07-02 22:31:17.000000,2024-07-02 22:27:39.499822.h264,1,5428,7928
2024-07-02 22:32:57.000000,2024-07-02 22:27:39.499822.h264,2,7929,10429
2024-07-02 22:34:37.000000,2024-07-02 22:27:39.499822.h264,0,10430,12930
2024-07-02 22:36:17.000000,2024-07-02 22:27:39.499822.h264,1,12931,15431
2024-07-02 22:37:57.000000,2024-07-02 22:27:39.499822.h264,2,15432,17932
2024-07-02 22:39:37.000000,2024-07-02 22:27:39.499822.h264,0,17933,20433
2024-07-02 22:41:17.000000,2024-07-02 22:27:39.499822.h264,1,20434,22934
2024-07-02 22:42:57.000000,2024-07-02 22:27:39.499822.h264,2,22935,25460
2024-07-02 22:44:38.000000,2024-07-02 22:27:39.499822.h264,0,25461,27961
2024-07-02 22:46:18.000000,2024-07-02 22:27:39.499822.h264,1,27962,29987
2024-07-02 22:47:39.857558,2024-07-02 22:47:39.857558.h264,1,0,450
2024-07-02 22:47:58.000000,2024-07-02 22:47:39.857558.h264,2,451,2951
2024-07-02 22:49:38.000000,2024-07-02 22:47:39.857558.h264,0,2952,5452
2024-07-02 22:51:18.000000,2024-07-02 22:47:39.857558.h264,1,5453,7953
2024-07-02 22:52:58.000000,2024-07-02 22:47:39.857558.h264,2,7954,10454
2024-07-02 22:54:38.000000,2024-07-02 22:47:39.857558.h264,0,10455,12955
2024-07-02 22:56:18.000000,2024-07-02 22:47:39.857558.h264,1,12956,15456
2024-07-02 22:57:58.000000,2024-07-02 22:47:39.857558.h264,2,15457,17982
2024-07-02 22:59:39.000000,2024-07-02 22:47:39.857558.h264,0,17983,20483
2024-07-02 23:01:19.000000,2024-07-02 22:47:39.857558.h264,1,20484,22984
2024-07-02 23:02:59.000000,2024-07-02 22:47:39.857558.h264,2,22985,25485
2024-07-02 23:04:39.000000,2024-07-02 22:47:39.857558.h264,0,25486,27986
2024-07-02 23:06:19.000000,2024-07-02 22:47:39.857558.h264,1,27987,30012
2024-07-02 23:07:40.217437,2024-07-02 23:07:40.217437.h264,1,0,450
2024-07-02 23:07:59.000000,2024-07-02 23:07:40.217437.h264,2,451,2951
2024-07-02 23:09:39.000000,2024-07-02 23:07:40.217437.h264,0,2952,5452
2024-07-02 23:11:19.000000,2024-07-02 23:07:40.217437.h264,1,5453,7953
2024-07-02 23:12:59.000000,2024-07-02 23:07:40.217437.h264,2,7954,10479
2024-07-02 23:14:40.000000,2024-07-02 23:07:40.217437.h264,0,10480,12980
2024-07-02 23:16:20.000000,2024-07-02 23:07:40.217437.h264,1,12981,15481
2024-07-02 23:18:00.000000,2024-07-02 23:07:40.217437.h264,2,15482,17982
2024-07-02 23:19:40.000000,2024-07-02 23:07:40.217437.h264,0,17983,20483
2024-07-02 23:21:20.000000,2024-07-02 23:07:40.217437.h264,1,20484,22984
2024-07-02 23:23:00.000000,2024-07-02 23:07:40.217437.h264,2,22985,25485
2024-07-02 23:24:40.000000,2024-07-02 23:07:40.217437.h264,0,25486,27986
2024-07-02 23:26:20.000000,2024-07-02 23:07:40.217437.h264,1,27987,29987
2024-07-02 23:27:40.574807,2024-07-02 23:27:40.574807.h264,1,0,475
2024-07-02 23:28:00.000000,2024-07-02 23:27:40.574807.h264,2,476,3001
2024-07-02 23:29:41.000000,2024-07-02 23:27:40.574807.h264,0,3002,5502
2024-07-02 23:31:21.000000,2024-07-02 23:27:40.574807.h264,1,5503,8003
2024-07-02 23:33:01.000000,2024-07-02 23:27:40.574807.h264,2,8004,10504
2024-07-02 23:34:41.000000,2024-07-02 23:27:40.574807.h264,0,10505,13005
2024-07-02 23:36:21.000000,2024-07-02 23:27:40.574807.h264,1,13006,15506
2024-07-02 23:38:01.000000,2024-07-02 23:27:40.574807.h264,2,15507,18007
2024-07-02 23:39:41.000000,2024-07-02 23:27:40.574807.h264,0,18008,20508
2024-07-02 23:41:21.000000,2024-07-02 23:27:40.574807.h264,1,20509,23009
2024-07-02 23:43:01.000000,2024-07-02 23:27:40.574807.h264,2,23010,25535
2024-07-02 23:44:42.000000,2024-07-02 23:27:40.574807.h264,0,25536,28036
2024-07-02 23:46:22.000000,2024-07-02 23:27:40.574807.h264,1,28037,29987
2024-07-02 23:47:40.891058,2024-07-02 23:47:40.891058.h264,1,0,525
2024-07-02 23:48:02.000000,2024-07-02 23:47:40.891058.h264,2,526,3026
2024-07-02 23:49:42.000000,2024-07-02 23:47:40.891058.h264,0,3027,5527
2024-07-02 23:51:22.000000,2024-07-02 23:47:40.891058.h264,1,5528,8028
2024-07-02 23:53:02.000000,2024-07-02 23:47:40.891058.h264,2,8029,10529
2024-07-02 23:54:42.000000,2024-07-02 23:47:40.891058.h264,0,10530,13030
2024-07-02 23:56:22.000000,2024-07-02 23:47:40.891058.h264,1,13031,15556
2024-07-02 23:58:03.000000,2024-07-02 23:47:40.891058.h264,2,15557,18057
2024-07-02 23:59:43.000000,2024-07-02 23:47:40.891058.h264,0,18058,20558
2024-07-03 00:01:23.000000,2024-07-02 23:47:40.891058.h264,1,20559,23059
2024-07-03 00:03:03.000000,2024-07-02 23:47:40.891058.h264,2,23060,25560
2024-07-03 00:04:43.000000,2024-07-02 23:47:40.891058.h264,0,25561,28061
2024-07-03 00:06:23.000000,2024-07-02 23:47:40.891058.h264,1,28062,30012
2024-07-03 00:07:41.248605,2024-07-03 00:07:41.248605.h264,1,0,525
2024-07-03 00:08:03.000000,2024-07-03 00:07:41.248605.h264,2,526,3026
2024-07-03 00:09:43.000000,2024-07-03 00:07:41.248605.h264,0,3027,5527
2024-07-03 00:11:23.000000,2024-07-03 00:07:41.248605.h264,1,5528,8053
2024-07-03 00:13:04.000000,2024-07-03 00:07:41.248605.h264,2,8054,10554
2024-07-03 00:14:44.000000,2024-07-03 00:07:41.248605.h264,0,10555,13055
2024-07-03 00:16:24.000000,2024-07-03 00:07:41.248605.h264,1,13056,15556
2024-07-03 00:18:04.000000,2024-07-03 00:07:41.248605.h264,2,15557,18057
2024-07-03 00:19:44.000000,2024-07-03 00:07:41.248605.h264,0,18058,20558
2024-07-03 00:21:24.000000,2024-07-03 00:07:41.248605.h264,1,20559,23059
2024-07-03 00:23:04.000000,2024-07-03 00:07:41.248605.h264,2,23060,25560
2024-07-03 00:24:44.000000,2024-07-03 00:07:41.248605.h264,0,25561,28061
2024-07-03 00:26:24.000000,2024-07-03 00:07:41.248605.h264,1,28062,29987
2024-07-03 00:27:41.605481,2024-07-03 00:27:41.605481.h264,1,0,550
2024-07-03 00:28:04.000000,2024-07-03 00:27:41.605481.h264,2,551,3076
2024-07-03 00:29:45.000000,2024-07-03 00:27:41.605481.h264,0,3077,5577
2024-07-03 00:31:25.000000,2024-07-03 00:27:41.605481.h264,1,5578,8078
2024-07-03 00:33:05.000000,2024-07-03 00:27:41.605481.h264,2,8079,10579
2024-07-03 00:34:45.000000,2024-07-03 00:27:41.605481.h264,0,10580,13080
2024-07-03 00:36:25.000000,2024-07-03 00:27:41.605481.h264,1,13081,15581
2024-07-03 00:38:05.000000,2024-07-03 00:27:41.605481.h264,2,15582,18082
2024-07-03 00:39:45.000000,2024-07-03 00:27:41.605481.h264,0,18083,20583
2024-07-03 00:41:25.000000,2024-07-03 00:27:41.605481.h264,1,20584,23084
2024-07-03 00:43:05.000000,2024-07-03 00:27:41.605481.h264,2,23085,25610
2024-07-03 00:44:46.000000,2024-07-03 00:27:41.605481.h264,0,25611,28111
2024-07-03 00:46:26.000000,2024-07-03 00:27:41.605481.h264,1,28112,29987
2024-07-03 00:47:41.964733,2024-07-03 00:47:41.964733.h264,1,0,600
2024-07-03 00:48:06.000000,2024-07-03 00:47:41.964733.h264,2,601,3101
2024-07-03 00:49:46.000000,2024-07-03 00:47:41.964733.h264,0,3102,5602
2024-07-03 00:51:26.000000,2024-07-03 00:47:41.964733.h264,1,5603,8103
2024-07-03 00:53:06.000000,2024-07-03 00:47:41.964733.h264,2,8104,10604
2024-07-03 00:54:46.000000,2024-07-03 00:47:41.964733.h264,0,10605,13105
2024-07-03 00:56:26.000000,2024-07-03 00:47:41.964733.h264,1,13106,15606
2024-07-03 00:58:06.000000,2024-07-03 00:47:41.964733.h264,2,15607,18132
2024-07-03 00:59:47.000000,2024-07-03 00:47:41.964733.h264,0,18133,20633
2024-07-03 01:01:27.000000,2024-07-03 00:47:41.964733.h264,1,20634,23134
2024-07-03 01:03:07.000000,2024-07-03 00:47:41.964733.h264,2,23135,25635
2024-07-03 01:04:47.000000,2024-07-03 00:47:41.964733.h264,0,25636,28136
2024-07-03 01:06:27.000000,2024-07-03 00:47:41.964733.h264,1,28137,30012
2024-07-03 01:07:42.282325,2024-07-03 01:07:42.282325.h264,1,0,600
2024-07-03 01:08:07.000000,2024-07-03 01:07:42.282325.h264,2,601,3101
2024-07-03 01:09:47.000000,2024-07-03 01:07:42.282325.h264,0,3102,5602
2024-07-03 01:11:27.000000,2024-07-03 01:07:42.282325.h264,1,5603,8103
2024-07-03 01:13:07.000000,2024-07-03 01:07:42.282325.h264,2,8104,10629
2024-07-03 01:14:48.000000,2024-07-03 01:07:42.282325.h264,0,10630,13130
2024-07-03 01:16:28.000000,2024-07-03 01:07:42.282325.h264,1,13131,15631
2024-07-03 01:18:08.000000,2024-07-03 01:07:42.282325.h264,2,15632,18132
2024-07-03 01:19:48.000000,2024-07-03 01:07:42.282325.h264,0,18133,20633
2024-07-03 01:21:28.000000,2024-07-03 01:07:42.282325.h264,1,20634,23134
2024-07-03 01:23:08.000000,2024-07-03 01:07:42.282325.h264,2,23135,25635
2024-07-03 01:24:48.000000,2024-07-03 01:07:42.282325.h264,0,25636,28136
2024-07-03 01:26:28.000000,2024-07-03 01:07:42.282325.h264,1,28137,29987
2024-07-03 01:27:42.639184,2024-07-03 01:27:42.639184.h264,1,0,625
2024-07-03 01:28:08.000000,2024-07-03 01:27:42.639184.h264,2,626,3126
2024-07-03 01:29:48.000000,2024-07-03 01:27:42.639184.h264,0,3127,5652
2024-07-03 01:31:29.000000,2024-07-03 01:27:42.639184.h264,1,5653,8153
2024-07-03 01:33:09.000000,2024-07-03 01:27:42.639184.h264,2,8154,10654
2024-07-03 01:34:49.000000,2024-07-03 01:27:42.639184.h264,0,10655,13155
2024-07-03 01:36:29.000000,2024-07-03 01:27:42.639184.h264,1,13156,15656
2024-07-03 01:38:09.000000,2024-07-03 01:27:42.639184.h264,2,15657,18157
2024-07-03 01:39:49.000000,2024-07-03 01:27:42.639184.h264,0,18158,20658
2024-07-03 01:41:29.000000,2024-07-03 01:27:42.639184.h264,1,20659,23159
2024-07-03 01:43:09.000000,2024-07-03 01:27:42.639184.h264,2,23160,25685
2024-07-03 01:44:50.000000,2024-07-03 01:27:42.639184.h264,0,25686,28186
2024-07-03 01:46:30.000000,2024-07-03 01:27:42.639184.h264,1,28187,29987
2024-07-03 01:47:42.997581,2024-07-03 01:47:42.997581.h264,1,0,675
2024-07-03 01:48:10.000000,2024-07-03 01:47:42.997581.h264,2,676,3176
2024-07-03 01:49:50.000000,2024-07-03 01:47:42.997581.h264,0,3177,5677
2024-07-03 01:51:30.000000,2024-07-03 01:47:42.997581.h264,1,5678,8178
2024-07-03 01:53:10.000000,2024-07-03 01:47:42.997581.h264,2,8179,10679
2024-07-03 01:54:50.000000,2024-07-03 01:47:42.997581.h264,0,10680,13180
2024-07-03 01:56:30.000000,2024-07-03 01:47:42.997581.h264,1,13181,15681
2024-07-03 01:58:10.000000,2024-07-03 01:47:42.997581.h264,2,15682,18207
2024-07-03 01:59:51.000000,2024-07-03 01:47:42.997581.h264,0,18208,20708
2024-07-03 02:01:31.000000,2024-07-03 01:47:42.997581.h264,1,20709,23209
2024-07-03 02:03:11.000000,2024-07-03 01:47:42.997581.h264,2,23210,25710
2024-07-03 02:04:51.000000,2024-07-03 01:47:42.997581.h264,0,25711,28211
2024-07-03 02:06:31.000000,2024-07-03 01:47:42.997581.h264,1,28212,30012
2024-07-03 02:07:43.355463,2024-07-03 02:07:43.355463.h264,1,0,675
2024-07-03 02:08:11.000000,2024-07-03 02:07:43.355463.h264,2,676,3176
2024-07-03 02:09:51.000000,2024-07-03 02:07:43.355463.h264,0,3177,5677
2024-07-03 02:11:31.000000,2024-07-03 02:07:43.355463.h264,1,5678,8178
2024-07-03 02:13:11.000000,2024-07-03 02:07:43.355463.h264,2,8179,10704
2024-07-03 02:14:52.000000,2024-07-03 02:07:43.355463.h264,0,10705,13205
2024-07-03 02:16:32.000000,2024-07-03 02:07:43.355463.h264,1,13206,15706
2024-07-03 02:18:12.000000,2024-07-03 02:07:43.355463.h264,2,15707,18207
2024-07-03 02:19:52.000000,2024-07-03 02:07:43.355463.h264,0,18208,20708
2024-07-03 02:21:32.000000,2024-07-03 02:07:43.355463.h264,1,20709,23209
2024-07-03 02:23:12.000000,2024-07-03 02:07:43.355463.h264,2,23210,25710
2024-07-03 02:24:52.000000,2024-07-03 02:07:43.355463.h264,0,25711,28211
2024-07-03 02:26:32.000000,2024-07-03 02:07:43.355463.h264,1,28212,29987
2024-07-03 02:27:43.713514,2024-07-03 02:27:43.713514.h264,1,0,700
2024-07-03 02:28:12.000000,2024-07-03 02:27:43.713514.h264,2,701,3226
2024-07-03 02:29:53.000000,2024-07-03 02:27:43.713514.h264,0,3227,5727
2024-07-03 02:31:33.000000,2024-07-03 02:27:43.713514.h264,1,5728,8228
2024-07-03 02:33:13.000000,2024-07-03 02:27:43.713514.h264,2,8229,10729
2024-07-03 02:34:53.000000,2024-07-03 02:27:43.713514.h264,0,10730,13230
2024-07-03 02:36:33.000000,2024-07-03 02:27:43.713514.h264,1,13231,15731
2024-07-03 02:38:13.000000,2024-07-03 02:27:43.713514.h264,2,15732,18232
2024-07-03 02:39:53.000000,2024-07-03 02:27:43.713514.h264,0,18233,20733
2024-07-03 02:41:33.000000,2024-07-03 02:27:43.713514.h264,1,20734,23234
2024-07-03 02:43:13.000000,2024-07-03 02:27:43.713514.h264,2,23235,25760
2024-07-03 02:44:54.000000,2024-07-03 02:27:43.713514.h264,0,25761,28261
2024-07-03 02:46:34.000000,2024-07-03 02:27:43.713514.h264,1,28262,30012
2024-07-03 02:47:44.070269,2024-07-03 02:47:44.070269.h264,1,0,725
2024-07-03 02:48:14.000000,2024-07-03 02:47:44.070269.h264,2,726,3226
2024-07-03 02:49:54.000000,2024-07-03 02:47:44.070269.h264,0,3227,5727
2024-07-03 02:51:34.000000,2024-07-03 02:47:44.070269.h264,1,5728,8228
2024-07-03 02:53:14.000000,2024-07-03 02:47:44.070269.h264,2,8229,10729
2024-07-03 02:54:54.000000,2024-07-03 02:47:44.070269.h264,0,10730,13230
2024-07-03 02:56:34.000000,2024-07-03 02:47:44.070269.h264,1,13231,15731
2024-07-03 02:58:14.000000,2024-07-03 02:47:44.070269.h264,2,15732,18257
2024-07-03 02:59:55.000000,2024-07-03 02:47:44.070269.h264,0,18258,20758
2024-07-03 03:01:35.000000,2024-07-03 02:47:44.070269.h264,1,20759,23259
2024-07-03 03:03:15.000000,2024-07-03 02:47:44.070269.h264,2,23260,25760
2024-07-03 03:04:55.000000,2024-07-03 02:47:44.070269.h264,0,25761,28261
2024-07-03 03:06:35.000000,2024-07-03 02:47:44.070269.h264,1,28262,29987
2024-07-03 03:07:44.428891,2024-07-03 03:07:44.428891.h264,1,0,750
2024-07-03 03:08:15.000000,2024-07-03 03:07:44.428891.h264,2,751,3251
2024-07-03 03:09:55.000000,2024-07-03 03:07:44.428891.h264,0,3252,5752
2024-07-03 03:11:35.000000,2024-07-03 03:07:44.428891.h264,1,5753,8253
2024-07-03 03:13:15.000000,2024-07-03 03:07:44.428891.h264,2,8254,10779
2024-07-03 03:14:56.000000,2024-07-03 03:07:44.428891.h264,0,10780,13280
2024-07-03 03:16:36.000000,2024-07-03 03:07:44.428891.h264,1,13281,15781
2024-07-03 03:18:16.000000,2024-07-03 03:07:44.428891.h264,2,15782,18282
2024-07-03 03:19:56.000000,2024-07-03 03:07:44.428891.h264,0,18283,20783
2024-07-03 03:21:36.000000,2024-07-03 03:07:44.428891.h264,1,20784,23284
2024-07-03 03:23:16.000000,2024-07-03 03:07:44.428891.h264,2,23285,25785
2024-07-03 03:24:56.000000,2024-07-03 03:07:44.428891.h264,0,25786,28286
2024-07-03 03:26:36.000000,2024-07-03 03:07:44.428891.h264,1,28287,29987
2024-07-03 03:27:44.706108,2024-07-03 03:27:44.706108.h264,1,0,800
2024-07-03 03:28:17.000000,2024-07-03 03:27:44.706108.h264,2,801,3301
2024-07-03 03:29:57.000000,2024-07-03 03:27:44.706108.h264,0,3302,5802
2024-07-03 03:31:37.000000,2024-07-03 03:27:44.706108.h264,1,5803,8303
2024-07-03 03:33:17.000000,2024-07-03 03:27:44.706108.h264,2,8304,10804
2024-07-03 03:34:57.000000,2024-07-03 03:27:44.706108.h264,0,10805,13305
2024-07-03 03:36:37.000000,2024-07-03 03:27:44.706108.h264,1,13306,15806
2024-07-03 03:38:17.000000,2024-07-03 03:27:44.706108.h264,2,15807,18307
2024-07-03 03:39:57.000000,2024-07-03 03:27:44.706108.h264,0,18308,20808
2024-07-03 03:41:37.000000,2024-07-03 03:27:44.706108.h264,1,20809,23334
2024-07-03 03:43:18.000000,2024-07-03 03:27:44.706108.h264,2,23335,25835
2024-07-03 03:44:58.000000,2024-07-03 03:27:44.706108.h264,0,25836,28336
2024-07-03 03:46:38.000000,2024-07-03 03:27:44.706108.h264,1,28337,30012
2024-07-03 03:47:45.063359,2024-07-03 03:47:45.063359.h264,1,0,800
2024-07-03 03:48:18.000000,2024-07-03 03:47:45.063359.h264,2,801,3301
2024-07-03 03:49:58.000000,2024-07-03 03:47:45.063359.h264,0,3302,5802
2024-07-03 03:51:38.000000,2024-07-03 03:47:45.063359.h264,1,5803,8303
2024-07-03 03:53:18.000000,2024-07-03 03:47:45.063359.h264,2,8304,10804
2024-07-03 03:54:58.000000,2024-07-03 03:47:45.063359.h264,0,10805,13305
2024-07-03 03:56:38.000000,2024-07-03 03:47:45.063359.h264,1,13306,15831
2024-07-03 03:58:19.000000,2024-07-03 03:47:45.063359.h264,2,15832,18332
2024-07-03 03:59:59.000000,2024-07-03 03:47:45.063359.h264,0,18333,20833
2024-07-03 04:01:39.000000,2024-07-03 03:47:45.063359.h264,1,20834,23334
2024-07-03 04:03:19.000000,2024-07-03 03:47:45.063359.h264,2,23335,25835
2024-07-03 04:04:59.000000,2024-07-03 03:47:45.063359.h264,0,25836,28336
2024-07-03 04:06:39.000000,2024-07-03 03:47:45.063359.h264,1,28337,29987
2024-07-03 04:07:45.421908,2024-07-03 04:07:45.421908.h264,1,0,825
2024-07-03 04:08:19.000000,2024-07-03 04:07:45.421908.h264,2,826,3326
2024-07-03 04:09:59.000000,2024-07-03 04:07:45.421908.h264,0,3327,5827
2024-07-03 04:11:39.000000,2024-07-03 04:07:45.421908.h264,1,5828,8353
2024-07-03 04:13:20.000000,2024-07-03 04:07:45.421908.h264,2,8354,10854
2024-07-03 04:15:00.000000,2024-07-03 04:07:45.421908.h264,0,10855,13355
2024-07-03 04:16:40.000000,2024-07-03 04:07:45.421908.h264,1,13356,15856
2024-07-03 04:18:20.000000,2024-07-03 04:07:45.421908.h264,2,15857,18357
2024-07-03 04:20:00.000000,2024-07-03 04:07:45.421908.h264,0,18358,20858
2024-07-03 04:21:40.000000,2024-07-03 04:07:45.421908.h264,1,20859,23359
2024-07-03 04:23:20.000000,2024-07-03 04:07:45.421908.h264,2,23360,25860
2024-07-03 04:25:00.000000,2024-07-03 04:07:45.421908.h264,0,25861,28361
2024-07-03 04:26:40.000000,2024-07-03 04:07:45.421908.h264,1,28362,29987
2024-07-03 04:27:45.780193,2024-07-03 04:27:45.780193.h264,1,0,875
2024-07-03 04:28:21.000000,2024-07-03 04:27:45.780193.h264,2,876,3376
2024-07-03 04:30:01.000000,2024-07-03 04:27:45.780193.h264,0,3377,5877
2024-07-03 04:31:41.000000,2024-07-03 04:27:45.780193.h264,1,5878,8378
2024-07-03 04:33:21.000000,2024-07-03 04:27:45.780193.h264,2,8379,10879
2024-07-03 04:35:01.000000,2024-07-03 04:27:45.780193.h264,0,10880,13380
2024-07-03 04:36:41.000000,2024-07-03 04:27:45.780193.h264,1,13381,15881
2024-07-03 04:38:21.000000,2024-07-03 04:27:45.780193.h264,2,15882,18382
2024-07-03 04:40:01.000000,2024-07-03 04:27:45.780193.h264,0,18383,20883
2024-07-03 04:41:41.000000,2024-07-03 04:27:45.780193.h264,1,20884,23409
2024-07-03 04:43:22.000000,2024-07-03 04:27:45.780193.h264,2,23410,25910
2024-07-03 04:45:02.000000,2024-07-03 04:27:45.780193.h264,0,25911,28411
2024-07-03 04:46:42.000000,2024-07-03 04:27:45.780193.h264,1,28412,30012
2024-07-03 04:47:46.136750,2024-07-03 04:47:46.136750.h264,1,0,875
2024-07-03 04:48:22.000000,2024-07-03 04:47:46.136750.h264,2,876,3376
2024-07-03 04:50:02.000000,2024-07-03 04:47:46.136750.h264,0,3377,5877
2024-07-03 04:51:42.000000,2024-07-03 04:47:46.136750.h264,1,5878,8378
2024-07-03 04:53:22.000000,2024-07-03 04:47:46.136750.h264,2,8379,10879
2024-07-03 04:55:02.000000,2024-07-03 04:47:46.136750.h264,0,10880,13380
2024-07-03 04:56:42.000000,2024-07-03 04:47:46.136750.h264,1,13381,15906
2024-07-03 04:58:23.000000,2024-07-03 04:47:46.136750.h264,2,15907,18407
2024-07-03 05:00:03.000000,2024-07-03 04:47:46.136750.h264,0,18408,20908
2024-07-03 05:01:43.000000,2024-07-03 04:47:46.136750.h264,1,20909,23409
2024-07-03 05:03:23.000000,2024-07-03 04:47:46.136750.h264,2,23410,25910
2024-07-03 05:05:03.000000,2024-07-03 04:47:46.136750.h264,0,25911,28411
2024-07-03 05:06:43.000000,2024-07-03 04:47:46.136750.h264,1,28412,29987
2024-07-03 05:07:46.493636,2024-07-03 05:07:46.493636.h264,1,0,900
2024-07-03 05:08:23.000000,2024-07-03 05:07:46.493636.h264,2,901,3401
2024-07-03 05:10:03.000000,2024-07-03 05:07:46.493636.h264,0,3402,5902
2024-07-03 05:11:43.000000,2024-07-03 05:07:46.493636.h264,1,5903,8428
2024-07-03 05:13:24.000000,2024-07-03 05:07:46.493636.h264,2,8429,10929
2024-07-03 05:15:04.000000,2024-07-03 05:07:46.493636.h264,0,10930,13430
2024-07-03 05:16:44.000000,2024-07-03 05:07:46.493636.h264,1,13431,15931
2024-07-03 05:18:24.000000,2024-07-03 05:07:46.493636.h264,2,15932,18432
2024-07-03 05:20:04.000000,2024-07-03 05:07:46.493636.h264,0,18433,20933
2024-07-03 05:21:44.000000,2024-07-03 05:07:46.493636.h264,1,20934,23434
2024-07-03 05:23:24.000000,2024-07-03 05:07:46.493636.h264,2,23435,25935
2024-07-03 05:25:04.000000,2024-07-03 05:07:46.493636.h264,0,25936,28436
2024-07-03 05:26:44.000000,2024-07-03 05:07:46.493636.h264,1,28437,29987
2024-07-03 05:27:46.811645,2024-07-03 05:27:46.811645.h264,1,0,950
2024-07-03 05:28:25.000000,2024-07-03 05:27:46.811645.h264,2,951,3451
2024-07-03 05:30:05.000000,2024-07-03 05:27:46.811645.h264,0,3452,5952
2024-07-03 05:31:45.000000,2024-07-03 05:27:46.811645.h264,1,5953,8453
2024-07-03 05:33:25.000000,2024-07-03 05:27:46.811645.h264,2,8454,10954
2024-07-03 05:35:05.000000,2024-07-03 05:27:46.811645.h264,0,10955,13455
2024-07-03 05:36:45.000000,2024-07-03 05:27:46.811645.h264,1,13456,15956
2024-07-03 05:38:25.000000,2024-07-03 05:27:46.811645.h264,2,15957,18457
2024-07-03 05:40:05.000000,2024-07-03 05:27:46.811645.h264,0,18458,20983
2024-07-03 05:41:46.000000,2024-07-03 05:27:46.811645.h264,1,20984,23484
2024-07-03 05:43:26.000000,2024-07-03 05:27:46.811645.h264,2,23485,25985
2024-07-03 05:45:06.000000,2024-07-03 05:27:46.811645.h264,0,25986,28486
2024-07-03 05:46:46.000000,2024-07-03 05:27:46.811645.h264,1,28487,30012
2024-07-03 05:47:47.088461,2024-07-03 05:47:47.088461.h264,1,0,950
2024-07-03 05:48:26.000000,2024-07-03 05:47:47.088461.h264,2,951,3451
2024-07-03 05:50:06.000000,2024-07-03 05:47:47.088461.h264,0,3452,5952
2024-07-03 05:51:46.000000,2024-07-03 05:47:47.088461.h264,1,5953,8453
2024-07-03 05:53:26.000000,2024-07-03 05:47:47.088461.h264,2,8454,10954
2024-07-03 05:55:06.000000,2024-07-03 05:47:47.088461.h264,0,10955,13480
2024-07-03 05:56:47.000000,2024-07-03 05:47:47.088461.h264,1,13481,15981
2024-07-03 05:58:27.000000,2024-07-03 05:47:47.088461.h264,2,15982,18482
2024-07-03 06:00:07.000000,2024-07-03 05:47:47.088461.h264,0,18483,20983
2024-07-03 06:01:47.000000,2024-07-03 05:47:47.088461.h264,1,20984,23484
2024-07-03 06:03:27.000000,2024-07-03 05:47:47.088461.h264,2,23485,25985
2024-07-03 06:05:07.000000,2024-07-03 05:47:47.088461.h264,0,25986,28486
2024-07-03 06:06:47.000000,2024-07-03 05:47:47.088461.h264,1,28487,29987
2024-07-03 06:07:47.446926,2024-07-03 06:07:47.446926.h264,1,0,975
2024-07-03 06:08:27.000000,2024-07-03 06:07:47.446926.h264,2,976,3476
2024-07-03 06:10:07.000000,2024-07-03 06:07:47.446926.h264,0,3477,6002
2024-07-03 06:11:48.000000,2024-07-03 06:07:47.446926.h264,1,6003,8503
2024-07-03 06:13:28.000000,2024-07-03 06:07:47.446926.h264,2,8504,11004
2024-07-03 06:15:08.000000,2024-07-03 06:07:47.446926.h264,0,11005,13505
2024-07-03 06:16:48.000000,2024-07-03 06:07:47.446926.h264,1,13506,16006
2024-07-03 06:18:28.000000,2024-07-03 06:07:47.446926.h264,2,16007,18507
2024-07-03 06:20:08.000000,2024-07-03 06:07:47.446926.h264,0,18508,21008
2024-07-03 06:21:48.000000,2024-07-03 06:07:47.446926.h264,1,21009,23509
2024-07-03 06:23:28.000000,2024-07-03 06:07:47.446926.h264,2,23510,26010
2024-07-03 06:25:08.000000,2024-07-03 06:07:47.446926.h264,0,26011,28536
2024-07-03 06:26:49.000000,2024-07-03 06:07:47.446926.h264,1,28537,29987
2024-07-03 06:27:47.806276,2024-07-03 06:27:47.806276.h264,1,0,1025
2024-07-03 06:28:29.000000,2024-07-03 06:27:47.806276.h264,2,1026,3526
2024-07-03 06:30:09.000000,2024-07-03 06:27:47.806276.h264,0,3527,6027
2024-07-03 06:31:49.000000,2024-07-03 06:27:47.806276.h264,1,6028,8528
2024-07-03 06:33:29.000000,2024-07-03 06:27:47.806276.h264,2,8529,11029
2024-07-03 06:35:09.000000,2024-07-03 06:27:47.806276.h264,0,11030,13530
2024-07-03 06:36:49.000000,2024-07-03 06:27:47.806276.h264,1,13531,16031
2024-07-03 06:38:29.000000,2024-07-03 06:27:47.806276.h264,2,16032,18532
2024-07-03 06:40:09.000000,2024-07-03 06:27:47.806276.h264,0,18533,21058
2024-07-03 06:41:50.000000,2024-07-03 06:27:47.806276.h264,1,21059,23559
2024-07-03 06:43:30.000000,2024-07-03 06:27:47.806276.h264,2,23560,26060
2024-07-03 06:45:10.000000,2024-07-03 06:27:47.806276.h264,0,26061,28561
2024-07-03 06:46:50.000000,2024-07-03 06:27:47.806276.h264,1,28562,30012
2024-07-03 06:47:48.163106,2024-07-03 06:47:48.163106.h264,1,0,1025
2024-07-03 06:48:30.000000,2024-07-03 06:47:48.163106.h264,2,1026,3526
2024-07-03 06:50:10.000000,2024-07-03 06:47:48.163106.h264,0,3527,6027
2024-07-03 06:51:50.000000,2024-07-03 06:47:48.163106.h264,1,6028,8528
2024-07-03 06:53:30.000000,2024-07-03 06:47:48.163106.h264,2,8529,11054
2024-07-03 06:55:11.000000,2024-07-03 06:47:48.163106.h264,0,11055,13555
2024-07-03 06:56:51.000000,2024-07-03 06:47:48.163106.h264,1,13556,16056
2024-07-03 06:58:31.000000,2024-07-03 06:47:48.163106.h264,2,16057,18557
2024-07-03 07:00:11.000000,2024-07-03 06:47:48.163106.h264,0,18558,21058
2024-07-03 07:01:51.000000,2024-07-03 06:47:48.163106.h264,1,21059,23559
2024-07-03 07:03:31.000000,2024-07-03 06:47:48.163106.h264,2,23560,26060
2024-07-03 07:05:11.000000,2024-07-03 06:47:48.163106.h264,0,26061,28561
2024-07-03 07:06:51.000000,2024-07-03 06:47:48.163106.h264,1,28562,29987
2024-07-03 07:07:48.520634,2024-07-03 07:07:48.520634.h264,1,0,1050
2024-07-03 07:08:31.000000,2024-07-03 07:07:48.520634.h264,2,1051,3576
2024-07-03 07:10:12.000000,2024-07-03 07:07:48.520634.h264,0,3577,6077
2024-07-03 07:11:52.000000,2024-07-03 07:07:48.520634.h264,1,6078,8578
2024-07-03 07:13:32.000000,2024-07-03 07:07:48.520634.h264,2,8579,11079
2024-07-03 07:15:12.000000,2024-07-03 07:07:48.520634.h264,0,11080,13580
2024-07-03 07:16:52.000000,2024-07-03 07:07:48.520634.h264,1,13581,16081
2024-07-03 07:18:32.000000,2024-07-03 07:07:48.520634.h264,2,16082,18582
2024-07-03 07:20:12.000000,2024-07-03 07:07:48.520634.h264,0,18583,21083
2024-07-03 07:21:52.000000,2024-07-03 07:07:48.520634.h264,1,21084,23584
2024-07-03 07:23:32.000000,2024-07-03 07:07:48.520634.h264,2,23585,26110
2024-07-03 07:25:13.000000,2024-07-03 07:07:48.520634.h264,0,26111,28611
2024-07-03 07:26:53.000000,2024-07-03 07:07:48.520634.h264,1,28612,29987
2024-07-03 07:27:48.877369,2024-07-03 07:27:48.877369.h264,1,0,1100
2024-07-03 07:28:33.000000,2024-07-03 07:27:48.877369.h264,2,1101,3601
2024-07-03 07:30:13.000000,2024-07-03 07:27:48.877369.h264,0,3602,6102
2024-07-03 07:31:53.000000,2024-07-03 07:27:48.877369.h264,1,6103,8603
2024-07-03 07:33:33.000000,2024-07-03 07:27:48.877369.h264,2,8604,11104
2024-07-03 07:35:13.000000,2024-07-03 07:27:48.877369.h264,0,11105,13605
2024-07-03 07:36:53.000000,2024-07-03 07:27:48.877369.h264,1,13606,16106
2024-07-03 07:38:33.000000,2024-07-03 07:27:48.877369.h264,2,16107,18607
2024-07-03 07:40:13.000000,2024-07-03 07:27:48.877369.h264,0,18608,21108
2024-07-03 07:41:53.000000,2024-07-03 07:27:48.877369.h264,1,21109,23634
2024-07-03 07:43:34.000000,2024-07-03 07:27:48.877369.h264,2,23635,26135
2024-07-03 07:45:14.000000,2024-07-03 07:27:48.877369.h264,0,26136,28636
2024-07-03 07:46:54.000000,2024-07-03 07:27:48.877369.h264,1,28637,30012
2024-07-03 07:47:49.154061,2024-07-03 07:47:49.154061.h264,1,0,1100
2024-07-03 07:48:34.000000,2024-07-03 07:47:49.154061.h264,2,1101,3601
2024-07-03 07:50:14.000000,2024-07-03 07:47:49.154061.h264,0,3602,6102
2024-07-03 07:51:54.000000,2024-07-03 07:47:49.154061.h264,1,6103,8603
2024-07-03 07:53:34.000000,2024-07-03 07:47:49.154061.h264,2,8604,11104
2024-07-03 07:55:14.000000,2024-07-03 07:47:49.154061.h264,0,11105,13605
2024-07-03 07:56:54.000000,2024-07-03 07:47:49.154061.h264,1,13606,16131
2024-07-03 07:58:35.000000,2024-07-03 07:47:49.154061.h264,2,16132,18632
2024-07-03 08:00:15.000000,2024-07-03 07:47:49.154061.h264,0,18633,21133
2024-07-03 08:01:55.000000,2024-07-03 07:47:49.154061.h264,1,21134,23634
2024-07-03 08:03:35.000000,2024-07-03 07:47:49.154061.h264,2,23635,26135
2024-07-03 08:05:15.000000,2024-07-03 07:47:49.154061.h264,0,26136,28636
2024-07-03 08:06:55.000000,2024-07-03 07:47:49.154061.h264,1,28637,29987
2024-07-03 08:07:49.511977,2024-07-03 08:07:49.511977.h264,1,0,1125
2024-07-03 08:08:35.000000,2024-07-03 08:07:49.511977.h264,2,1126,3626
2024-07-03 08:10:15.000000,2024-07-03 08:07:49.511977.h264,0,3627,6127
2024-07-03 08:11:55.000000,2024-07-03 08:07:49.511977.h264,1,6128,8653
2024-07-03 08:13:36.000000,2024-07-03 08:07:49.511977.h264,2,8654,11154
2024-07-03 08:15:16.000000,2024-07-03 08:07:49.511977.h264,0,11155,13655
2024-07-03 08:16:56.000000,2024-07-03 08:07:49.511977.h264,1,13656,16156
2024-07-03 08:18:36.000000,2024-07-03 08:07:49.511977.h264,2,16157,18657
2024-07-03 08:20:16.000000,2024-07-03 08:07:49.511977.h264,0,18658,21158
2024-07-03 08:21:56.000000,2024-07-03 08:07:49.511977.h264,1,21159,23659
2024-07-03 08:23:36.000000,2024-07-03 08:07:49.511977.h264,2,23660,26160
2024-07-03 08:25:16.000000,2024-07-03 08:07:49.511977.h264,0,26161,28661
2024-07-03 08:26:56.000000,2024-07-03 08:07:49.511977.h264,1,28662,29987
2024-07-03 08:27:49.871471,2024-07-03 08:27:49.871471.h264,1,0,1175
2024-07-03 08:28:37.000000,2024-07-03 08:27:49.871471.h264,2,1176,3676
2024-07-03 08:30:17.000000,2024-07-03 08:27:49.871471.h264,0,3677,6177
2024-07-03 08:31:57.000000,2024-07-03 08:27:49.871471.h264,1,6178,8678
2024-07-03 08:33:37.000000,2024-07-03 08:27:49.871471.h264,2,8679,11179
2024-07-03 08:35:17.000000,2024-07-03 08:27:49.871471.h264,0,11180,13680
2024-07-03 08:36:57.000000,2024-07-03 08:27:49.871471.h264,1,13681,16181
2024-07-03 08:38:37.000000,2024-07-03 08:27:49.871471.h264,2,16182,18682
2024-07-03 08:40:17.000000,2024-07-03 08:27:49.871471.h264,0,18683,21183
2024-07-03 08:41:57.000000,2024-07-03 08:27:49.871471.h264,1,21184,23709
2024-07-03 08:43:38.000000,2024-07-03 08:27:49.871471.h264,2,23710,26210
2024-07-03 08:45:18.000000,2024-07-03 08:27:49.871471.h264,0,26211,28711
2024-07-03 08:46:58.000000,2024-07-03 08:27:49.871471.h264,1,28712,30012
2024-07-03 08:47:50.229387,2024-07-03 08:47:50.229387.h264,1,0,1175
2024-07-03 08:48:38.000000,2024-07-03 08:47:50.229387.h264,2,1176,3676
2024-07-03 08:50:18.000000,2024-07-03 08:47:50.229387.h264,0,3677,6177
2024-07-03 08:51:58.000000,2024-07-03 08:47:50.229387.h264,1,6178,8678
2024-07-03 08:53:38.000000,2024-07-03 08:47:50.229387.h264,2,8679,11179
2024-07-03 08:55:18.000000,2024-07-03 08:47:50.229387.h264,0,11180,13680
2024-07-03 08:56:58.000000,2024-07-03 08:47:50.229387.h264,1,13681,16181
2024-07-03 08:58:38.000000,2024-07-03 08:47:50.229387.h264,2,16182,18707
2024-07-03 09:00:19.000000,2024-07-03 08:47:50.229387.h264,0,18708,21208
2024-07-03 09:01:59.000000,2024-07-03 08:47:50.229387.h264,1,21209,23709
2024-07-03 09:03:39.000000,2024-07-03 08:47:50.229387.h264,2,23710,26210
2024-07-03 09:05:19.000000,2024-07-03 08:47:50.229387.h264,0,26211,28711
2024-07-03 09:06:59.000000,2024-07-03 08:47:50.229387.h264,1,28712,29987
2024-07-03 09:07:50.587840,2024-07-03 09:07:50.587840.h264,1,0,1200
2024-07-03 09:08:39.000000,2024-07-03 09:07:50.587840.h264,2,1201,3701
2024-07-03 09:10:19.000000,2024-07-03 09:07:50.587840.h264,0,3702,6202
2024-07-03 09:11:59.000000,2024-07-03 09:07:50.587840.h264,1,6203,8728
2024-07-03 09:13:40.000000,2024-07-03 09:07:50.587840.h264,2,8729,11229
2024-07-03 09:15:20.000000,2024-07-03 09:07:50.587840.h264,0,11230,13730
2024-07-03 09:17:00.000000,2024-07-03 09:07:50.587840.h264,1,13731,16231
2024-07-03 09:18:40.000000,2024-07-03 09:07:50.587840.h264,2,16232,18732
2024-07-03 09:20:20.000000,2024-07-03 09:07:50.587840.h264,0,18733,21233
2024-07-03 09:22:00.000000,2024-07-03 09:07:50.587840.h264,1,21234,23734
2024-07-03 09:23:40.000000,2024-07-03 09:07:50.587840.h264,2,23735,26235
2024-07-03 09:25:20.000000,2024-07-03 09:07:50.587840.h264,0,26236,28736
2024-07-03 09:27:00.000000,2024-07-03 09:07:50.587840.h264,1,28737,29987
2024-07-03 09:27:50.946911,2024-07-03 09:27:50.946911.h264,1,0,1250
2024-07-03 09:28:41.000000,2024-07-03 09:27:50.946911.h264,2,1251,3751
2024-07-03 09:30:21.000000,2024-07-03 09:27:50.946911.h264,0,3752,6252
2024-07-03 09:32:01.000000,2024-07-03 09:27:50.946911.h264,1,6253,8753
2024-07-03 09:33:41.000000,2024-07-03 09:27:50.946911.h264,2,8754,11254
2024-07-03 09:35:21.000000,2024-07-03 09:27:50.946911.h264,0,11255,13755
2024-07-03 09:37:01.000000,2024-07-03 09:27:50.946911.h264,1,13756,16256
2024-07-03 09:38:41.000000,2024-07-03 09:27:50.946911.h264,2,16257,18757
2024-07-03 09:40:21.000000,2024-07-03 09:27:50.946911.h264,0,18758,21258
2024-07-03 09:42:01.000000,2024-07-03 09:27:50.946911.h264,1,21259,23784
2024-07-03 09:43:42.000000,2024-07-03 09:27:50.946911.h264,2,23785,26285
2024-07-03 09:45:22.000000,2024-07-03 09:27:50.946911.h264,0,26286,28786
2024-07-03 09:47:02.000000,2024-07-03 09:27:50.946911.h264,1,28787,30012
2024-07-03 09:47:51.304666,2024-07-03 09:47:51.304666.h264,1,0,1250
2024-07-03 09:48:42.000000,2024-07-03 09:47:51.304666.h264,2,1251,3751
2024-07-03 09:50:22.000000,2024-07-03 09:47:51.304666.h264,0,3752,6252
2024-07-03 09:52:02.000000,2024-07-03 09:47:51.304666.h264,1,6253,8753
2024-07-03 09:53:42.000000,2024-07-03 09:47:51.304666.h264,2,8754,11254
2024-07-03 09:55:22.000000,2024-07-03 09:47:51.304666.h264,0,11255,13755
2024-07-03 09:57:02.000000,2024-07-03 09:47:51.304666.h264,1,13756,16281
2024-07-03 09:58:43.000000,2024-07-03 09:47:51.304666.h264,2,16282,18782
2024-07-03 10:00:23.000000,2024-07-03 09:47:51.304666.h264,0,18783,21283
2024-07-03 10:02:03.000000,2024-07-03 09:47:51.304666.h264,1,21284,23784
2024-07-03 10:03:43.000000,2024-07-03 09:47:51.304666.h264,2,23785,26285
2024-07-03 10:05:23.000000,2024-07-03 09:47:51.304666.h264,0,26286,28786
2024-07-03 10:07:03.000000,2024-07-03 09:47:51.304666.h264,1,28787,29987
2024-07-03 10:07:51.583100,2024-07-03 10:07:51.583100.h264,1,0,1275
2024-07-03 10:08:43.000000,2024-07-03 10:07:51.583100.h264,2,1276,3776
2024-07-03 10:10:23.000000,2024-07-03 10:07:51.583100.h264,0,3777,6277
2024-07-03 10:12:03.000000,2024-07-03 10:07:51.583100.h264,1,6278,8778
2024-07-03 10:13:43.000000,2024-07-03 10:07:51.583100.h264,2,8779,11279
2024-07-03 10:15:23.000000,2024-07-03 10:07:51.583100.h264,0,11280,13805
2024-07-03 10:17:04.000000,2024-07-03 10:07:51.583100.h264,1,13806,16306
2024-07-03 10:18:44.000000,2024-07-03 10:07:51.583100.h264,2,16307,18807
2024-07-03 10:20:24.000000,2024-07-03 10:07:51.583100.h264,0,18808,21308
2024-07-03 10:22:04.000000,2024-07-03 10:07:51.583100.h264,1,21309,23809
2024-07-03 10:23:44.000000,2024-07-03 10:07:51.583100.h264,2,23810,26310
2024-07-03 10:25:24.000000,2024-07-03 10:07:51.583100.h264,0,26311,28811
2024-07-03 10:27:04.000000,2024-07-03 10:07:51.583100.h264,1,28812,29987
2024-07-03 10:27:51.863881,2024-07-03 10:27:51.863881.h264,1,0,1300
2024-07-03 10:28:44.000000,2024-07-03 10:27:51.863881.h264,2,1301,3801
2024-07-03 10:30:24.000000,2024-07-03 10:27:51.863881.h264,0,3802,6302
2024-07-03 10:32:04.000000,2024-07-03 10:27:51.863881.h264,1,6303,8828
2024-07-03 10:33:45.000000,2024-07-03 10:27:51.863881.h264,2,8829,11329
2024-07-03 10:35:25.000000,2024-07-03 10:27:51.863881.h264,0,11330,13830
2024-07-03 10:37:05.000000,2024-07-03 10:27:51.863881.h264,1,13831,16331
2024-07-03 10:38:45.000000,2024-07-03 10:27:51.863881.h264,2,16332,18832
2024-07-03 10:40:25.000000,2024-07-03 10:27:51.863881.h264,0,18833,21333
2024-07-03 10:42:05.000000,2024-07-03 10:27:51.863881.h264,1,21334,23834
2024-07-03 10:43:45.000000,2024-07-03 10:27:51.863881.h264,2,23835,26335
2024-07-03 10:45:25.000000,2024-07-03 10:27:51.863881.h264,0,26336,28836
2024-07-03 10:47:05.000000,2024-07-03 10:27:51.863881.h264,1,28837,30012
2024-07-03 10:47:52.142464,2024-07-03 10:47:52.142464.h264,1,0,1300
2024-07-03 10:48:45.000000,2024-07-03 10:47:52.142464.h264,2,1301,3801
2024-07-03 10:50:25.000000,2024-07-03 10:47:52.142464.h264,0,3802,6302
2024-07-03 10:52:05.000000,2024-07-03 10:47:52.142464.h264,1,6303,8803
2024-07-03 10:53:45.000000,2024-07-03 10:47:52.142464.h264,2,8804,11329
2024-07-03 10:55:26.000000,2024-07-03 10:47:52.142464.h264,0,11330,13830
2024-07-03 10:57:06.000000,2024-07-03 10:47:52.142464.h264,1,13831,16331
2024-07-03 10:58:46.000000,2024-07-03 10:47:52.142464.h264,2,16332,18832
2024-07-03 11:00:26.000000,2024-07-03 10:47:52.142464.h264,0,18833,21333
2024-07-03 11:02:06.000000,2024-07-03 10:47:52.142464.h264,1,21334,23834
2024-07-03 11:03:46.000000,2024-07-03 10:47:52.142464.h264,2,23835,26335
2024-07-03 11:05:26.000000,2024-07-03 10:47:52.142464.h264,0,26336,28836
2024-07-03 11:07:06.000000,2024-07-03 10:47:52.142464.h264,1,28837,29987
2024-07-03 11:07:52.499650,2024-07-03 11:07:52.499650.h264,1,0,1325
2024-07-03 11:08:46.000000,2024-07-03 11:07:52.499650.h264,2,1326,3826
2024-07-03 11:10:26.000000,2024-07-03 11:07:52.499650.h264,0,3827,6352
2024-07-03 11:12:07.000000,2024-07-03 11:07:52.499650.h264,1,6353,8853
2024-07-03 11:13:47.000000,2024-07-03 11:07:52.499650.h264,2,8854,11354
2024-07-03 11:15:27.000000,2024-07-03 11:07:52.499650.h264,0,11355,13855
2024-07-03 11:17:07.000000,2024-07-03 11:07:52.499650.h264,1,13856,16356
2024-07-03 11:18:47.000000,2024-07-03 11:07:52.499650.h264,2,16357,18857
2024-07-03 11:20:27.000000,2024-07-03 11:07:52.499650.h264,0,18858,21358
2024-07-03 11:22:07.000000,2024-07-03 11:07:52.499650.h264,1,21359,23859
2024-07-03 11:23:47.000000,2024-07-03 11:07:52.499650.h264,2,23860,26360
2024-07-03 11:25:27.000000,2024-07-03 11:07:52.499650.h264,0,26361,28861
2024-07-03 11:27:07.000000,2024-07-03 11:07:52.499650.h264,1,28862,29987
2024-07-03 11:27:52.857335,2024-07-03 11:27:52.857335.h264,1,0,1375
2024-07-03 11:28:48.000000,2024-07-03 11:27:52.857335.h264,2,1376,3876
2024-07-03 11:30:28.000000,2024-07-03 11:27:52.857335.h264,0,3877,6377
2024-07-03 11:32:08.000000,2024-07-03 11:27:52.857335.h264,1,6378,8878
2024-07-03 11:33:48.000000,2024-07-03 11:27:52.857335.h264,2,8879,11379
2024-07-03 11:35:28.000000,2024-07-03 11:27:52.857335.h264,0,11380,13880
2024-07-03 11:37:08.000000,2024-07-03 11:27:52.857335.h264,1,13881,16381
2024-07-03 11:38:48.000000,2024-07-03 11:27:52.857335.h264,2,16382,18882
2024-07-03 11:40:28.000000,2024-07-03 11:27:52.857335.h264,0,18883,21383
2024-07-03 11:42:08.000000,2024-07-03 11:27:52.857335.h264,1,21384,23884
2024-07-03 11:43:48.000000,2024-07-03 11:27:52.857335.h264,2,23885,26385
2024-07-03 11:45:28.000000,2024-07-03 11:27:52.857335.h264,0,26386,28911
2024-07-03 11:47:09.000000,2024-07-03 11:27:52.857335.h264,1,28912,30012
2024-07-03 11:47:53.214254,2024-07-03 11:47:53.214254.h264,1,0,1375
2024-07-03 11:48:49.000000,2024-07-03 11:47:53.214254.h264,2,1376,3876
2024-07-03 11:50:29.000000,2024-07-03 11:47:53.214254.h264,0,3877,6377
2024-07-03 11:52:09.000000,2024-07-03 11:47:53.214254.h264,1,6378,8878
2024-07-03 11:53:49.000000,2024-07-03 11:47:53.214254.h264,2,8879,11379
2024-07-03 11:55:29.000000,2024-07-03 11:47:53.214254.h264,0,11380,13880
2024-07-03 11:57:09.000000,2024-07-03 11:47:53.214254.h264,1,13881,16381
2024-07-03 11:58:49.000000,2024-07-03 11:47:53.214254.h264,2,16382,18882
2024-07-03 12:00:29.000000,2024-07-03 11:47:53.214254.h264,0,18883,21383
2024-07-03 12:02:09.000000,2024-07-03 11:47:53.214254.h264,1,21384,23909
2024-07-03 12:03:50.000000,2024-07-03 11:47:53.214254.h264,2,23910,26410
2024-07-03 12:05:30.000000,2024-07-03 11:47:53.214254.h264,0,26411,28911
2024-07-03 12:07:10.000000,2024-07-03 11:47:53.214254.h264,1,28912,29987
2024-07-03 12:07:53.572547,2024-07-03 12:07:53.572547.h264,1,0,1400
2024-07-03 12:08:50.000000,2024-07-03 12:07:53.572547.h264,2,1401,3901
2024-07-03 12:10:30.000000,2024-07-03 12:07:53.572547.h264,0,3902,6402
2024-07-03 12:12:10.000000,2024-07-03 12:07:53.572547.h264,1,6403,8903
2024-07-03 12:13:50.000000,2024-07-03 12:07:53.572547.h264,2,8904,11404
2024-07-03 12:15:30.000000,2024-07-03 12:07:53.572547.h264,0,11405,13905
2024-07-03 12:17:10.000000,2024-07-03 12:07:53.572547.h264,1,13906,16406
2024-07-03 12:18:50.000000,2024-07-03 12:07:53.572547.h264,2,16407,18907
2024-07-03 12:20:30.000000,2024-07-03 12:07:53.572547.h264,0,18908,21433
2024-07-03 12:22:11.000000,2024-07-03 12:07:53.572547.h264,1,21434,23934
2024-07-03 12:23:51.000000,2024-07-03 12:07:53.572547.h264,2,23935,26435
2024-07-03 12:25:31.000000,2024-07-03 12:07:53.572547.h264,0,26436,28936
2024-07-03 12:27:11.000000,2024-07-03 12:07:53.572547.h264,1,28937,29987
2024-07-03 12:27:53.850968,2024-07-03 12:27:53.850968.h264,1,0,1425
2024-07-03 12:28:51.000000,2024-07-03 12:27:53.850968.h264,2,1426,3926
2024-07-03 12:30:31.000000,2024-07-03 12:27:53.850968.h264,0,3927,6427
2024-07-03 12:32:11.000000,2024-07-03 12:27:53.850968.h264,1,6428,8928
2024-07-03 12:33:51.000000,2024-07-03 12:27:53.850968.h264,2,8929,11429
2024-07-03 12:35:31.000000,2024-07-03 12:27:53.850968.h264,0,11430,13930
2024-07-03 12:37:11.000000,2024-07-03 12:27:53.850968.h264,1,13931,16431
2024-07-03 12:38:51.000000,2024-07-03 12:27:53.850968.h264,2,16432,18932
2024-07-03 12:40:31.000000,2024-07-03 12:27:53.850968.h264,0,18933,21458
2024-07-03 12:42:12.000000,2024-07-03 12:27:53.850968.h264,1,21459,23959
2024-07-03 12:43:52.000000,2024-07-03 12:27:53.850968.h264,2,23960,26460
2024-07-03 12:45:32.000000,2024-07-03 12:27:53.850968.h264,0,26461,28961
2024-07-03 12:47:12.000000,2024-07-03 12:27:53.850968.h264,1,28962,30012
2024-07-03 12:47:54.208624,2024-07-03 12:47:54.208624.h264,1,0,1425
2024-07-03 12:48:52.000000,2024-07-03 12:47:54.208624.h264,2,1426,3926
2024-07-03 12:50:32.000000,2024-07-03 12:47:54.208624.h264,0,3927,6427
2024-07-03 12:52:12.000000,2024-07-03 12:47:54.208624.h264,1,6428,8928
2024-07-03 12:53:52.000000,2024-07-03 12:47:54.208624.h264,2,8929,11429
2024-07-03 12:55:32.000000,2024-07-03 12:47:54.208624.h264,0,11430,13930
2024-07-03 12:57:12.000000,2024-07-03 12:47:54.208624.h264,1,13931,16431
2024-07-03 12:58:52.000000,2024-07-03 12:47:54.208624.h264,2,16432,18932
2024-07-03 13:00:32.000000,2024-07-03 12:47:54.208624.h264,0,18933,21433
2024-07-03 13:02:12.000000,2024-07-03 12:47:54.208624.h264,1,21434,23959
2024-07-03 13:03:53.000000,2024-07-03 12:47:54.208624.h264,2,23960,26460
2024-07-03 13:05:33.000000,2024-07-03 12:47:54.208624.h264,0,26461,28961
2024-07-03 13:07:13.000000,2024-07-03 12:47:54.208624.h264,1,28962,29987
2024-07-03 13:07:54.487151,2024-07-03 13:07:54.487151.h264,1,0,1450
2024-07-03 13:08:53.000000,2024-07-03 13:07:54.487151.h264,2,1451,3951
2024-07-03 13:10:33.000000,2024-07-03 13:07:54.487151.h264,0,3952,6452
2024-07-03 13:12:13.000000,2024-07-03 13:07:54.487151.h264,1,6453,8953
2024-07-03 13:13:53.000000,2024-07-03 13:07:54.487151.h264,2,8954,11454
2024-07-03 13:15:33.000000,2024-07-03 13:07:54.487151.h264,0,11455,13955
2024-07-03 13:17:13.000000,2024-07-03 13:07:54.487151.h264,1,13956,16456
2024-07-03 13:18:53.000000,2024-07-03 13:07:54.487151.h264,2,16457,18957
2024-07-03 13:20:33.000000,2024-07-03 13:07:54.487151.h264,0,18958,21458
2024-07-03 13:22:13.000000,2024-07-03 13:07:54.487151.h264,1,21459,23959
2024-07-03 13:23:53.000000,2024-07-03 13:07:54.487151.h264,2,23960,26485
2024-07-03 13:25:34.000000,2024-07-03 13:07:54.487151.h264,0,26486,28986
2024-07-03 13:27:14.000000,2024-07-03 13:07:54.487151.h264,1,28987,29987
2024-07-03 13:27:54.803935,2024-07-03 13:27:54.803935.h264,1,0,1475
2024-07-03 13:28:54.000000,2024-07-03 13:27:54.803935.h264,2,1476,3976
2024-07-03 13:30:34.000000,2024-07-03 13:27:54.803935.h264,0,3977,6477
2024-07-03 13:32:14.000000,2024-07-03 13:27:54.803935.h264,1,6478,8978
2024-07-03 13:33:54.000000,2024-07-03 13:27:54.803935.h264,2,8979,11479
2024-07-03 13:35:34.000000,2024-07-03 13:27:54.803935.h264,0,11480,13980
2024-07-03 13:37:14.000000,2024-07-03 13:27:54.803935.h264,1,13981,16481
2024-07-03 13:38:54.000000,2024-07-03 13:27:54.803935.h264,2,16482,18982
2024-07-03 13:40:34.000000,2024-07-03 13:27:54.803935.h264,0,18983,21483
2024-07-03 13:42:14.000000,2024-07-03 13:27:54.803935.h264,1,21484,23984
2024-07-03 13:43:54.000000,2024-07-03 13:27:54.803935.h264,2,23985,26510
2024-07-03 13:45:35.000000,2024-07-03 13:27:54.803935.h264,0,26511,29011
2024-07-03 13:47:15.000000,2024-07-03 13:27:54.803935.h264,1,29012,30012
2024-07-03 13:47:55.104550,2024-07-03 13:47:55.104550.h264,1,0,1475
2024-07-03 13:48:55.000000,2024-07-03 13:47:55.104550.h264,2,1476,30004
